Serial No.,Job Title,Company,Location
1,Senior Python Developer,"Payne, Roberts and Davis","
        Stewartbury, AA
      "
2,Energy engineer,Vasquez-Davidson,"
        Christopherville, AA
      "
3,Legal executive,"Jackson, Chambers and Levy","
        Port Ericaburgh, AA
      "
4,Fitness centre manager,Savage-Bradley,"
        East Seanview, AP
      "
5,Product manager,Ramirez Inc,"
        North Jamieview, AP
      "
6,Medical technical officer,Rogers-Yates,"
        Davidville, AP
      "
7,Physiological scientist,Kramer-Klein,"
        South Christopher, AE
      "
8,Textile designer,Meyers-Johnson,"
        Port Jonathan, AE
      "
9,Television floor manager,Hughes-Williams,"
        Osbornetown, AE
      "
10,Waste management officer,"Jones, Williams and Villa","
        Scotttown, AP
      "
11,Software Engineer (Python),Garcia PLC,"
        Ericberg, AE
      "
12,Interpreter,Gregory and Sons,"
        Ramireztown, AE
      "
13,Architect,"Clark, Garcia and Sosa","
        Figueroaview, AA
      "
14,Meteorologist,Bush PLC,"
        Kelseystad, AA
      "
15,Audiological scientist,Salazar-Meyers,"
        Williamsburgh, AE
      "
16,English as a second language teacher,"Parker, Murphy and Brooks","
        Mitchellburgh, AE
      "
17,Surgeon,Cruz-Brown,"
        West Jessicabury, AA
      "
18,Equities trader,Macdonald-Ferguson,"
        Maloneshire, AE
      "
19,Newspaper journalist,"Williams, Peterson and Rojas","
        Johnsonton, AA
      "
20,Materials engineer,Smith and Sons,"
        South Davidtown, AP
      "
21,Python Programmer (Entry-Level),"Moss, Duncan and Allen","
        Port Sara, AE
      "
22,Product/process development scientist,Gomez-Carroll,"
        Marktown, AA
      "
23,"Scientist, research (maths)","Manning, Welch and Herring","
        Laurenland, AE
      "
24,Ecologist,"Lee, Gutierrez and Brown","
        Lauraton, AP
      "
25,Materials engineer,"Davis, Serrano and Cook","
        South Tammyberg, AP
      "
26,Historic buildings inspector/conservation officer,Smith LLC,"
        North Brandonville, AP
      "
27,Data scientist,Thomas Group,"
        Port Robertfurt, AA
      "
28,Psychiatrist,Silva-King,"
        Burnettbury, AE
      "
29,Structural engineer,Pierce-Long,"
        Herbertside, AA
      "
30,Immigration officer,Walker-Simpson,"
        Christopherport, AP
      "
31,Python Programmer (Entry-Level),Cooper and Sons,"
        West Victor, AE
      "
32,Neurosurgeon,"Donovan, Gonzalez and Figueroa","
        Port Aaron, AP
      "
33,Broadcast engineer,"Morgan, Butler and Bennett","
        Loribury, AA
      "
34,Make,Snyder-Lee,"
        Angelastad, AP
      "
35,"Nurse, adult",Harris PLC,"
        Larrytown, AE
      "
36,Air broker,Washington PLC,"
        West Colin, AP
      "
37,"Editor, film/video","Brown, Price and Campbell","
        West Stephanie, AP
      "
38,"Production assistant, radio",Mcgee PLC,"
        Laurentown, AP
      "
39,"Engineer, communications",Dixon Inc,"
        Wrightberg, AP
      "
40,Sales executive,"Thompson, Sheppard and Ward","
        Alberttown, AE
      "
41,Software Developer (Python),Adams-Brewer,"
        Brockburgh, AE
      "
42,Futures trader,Schneider-Brady,"
        North Jason, AE
      "
43,Tour manager,Gonzales-Frank,"
        Arnoldhaven, AE
      "
44,Cytogeneticist,Smith-Wong,"
        Lake Destiny, AP
      "
45,"Designer, multimedia",Pierce-Herrera,"
        South Timothyburgh, AP
      "
46,Trade union research officer,"Aguilar, Rivera and Quinn","
        New Jimmyton, AE
      "
47,"Chemist, analytical","Lowe, Barnes and Thomas","
        New Lucasbury, AP
      "
48,"Programmer, multimedia","Lewis, Gonzalez and Vasquez","
        Port Cory, AE
      "
49,"Engineer, broadcasting (operations)",Taylor PLC,"
        Gileston, AA
      "
50,"Teacher, primary school","Oliver, Jones and Ramirez","
        Cindyshire, AA
      "
51,Python Developer,Rivera and Sons,"
        East Michaelfort, AA
      "
52,Manufacturing systems engineer,Garcia PLC,"
        Joybury, AE
      "
53,"Producer, television/film/video","Johnson, Wells and Kramer","
        Emmatown, AE
      "
54,"Scientist, forensic",Gonzalez LLC,"
        Colehaven, AP
      "
55,Bonds trader,"Morgan, White and Macdonald","
        Port Coryton, AE
      "
56,Editorial assistant,Robinson-Fitzpatrick,"
        Amyborough, AA
      "
57,Photographer,"Waters, Wilson and Hoover","
        Reynoldsville, AA
      "
58,Retail banker,Hill LLC,"
        Port Billy, AP
      "
59,Jewellery designer,Li-Gregory,"
        Adamburgh, AA
      "
60,Ophthalmologist,"Fisher, Ryan and Coleman","
        Wilsonmouth, AA
      "
61,"Back-End Web Developer (Python, Django)",Stewart-Alexander,"
        South Kimberly, AA
      "
62,Licensed conveyancer,Abbott and Sons,"
        Benjaminland, AP
      "
63,Futures trader,"Bryant, Santana and Davenport","
        Zacharyport, AA
      "
64,Counselling psychologist,Smith PLC,"
        Port Devonville, AE
      "
65,Insurance underwriter,Patterson-Singh,"
        East Thomas, AE
      "
66,"Engineer, automotive",Martinez-Berry,"
        New Jeffrey, AP
      "
67,"Producer, radio","May, Taylor and Fisher","
        Davidside, AA
      "
68,Dispensing optician,"Bailey, Owen and Thompson","
        Jamesville, AA
      "
69,"Designer, fashion/clothing",Vasquez Ltd,"
        New Kelly, AP
      "
70,Chartered loss adjuster,Leblanc LLC,"
        Lake Antonio, AA
      "
71,"Back-End Web Developer (Python, Django)","Jackson, Ali and Mckee","
        New Elizabethside, AA
      "
72,Forest/woodland manager,"Blankenship, Knight and Powell","
        Millsbury, AE
      "
73,Clinical cytogeneticist,"Patton, Haynes and Jones","
        Lloydton, AP
      "
74,Print production planner,Wood Inc,"
        Port Jeremy, AA
      "
75,Systems developer,Collins Group,"
        New Elizabethtown, AA
      "
76,Graphic designer,Flores-Nelson,"
        Charlesstad, AE
      "
77,Writer,"Mitchell, Jones and Olson","
        Josephbury, AE
      "
78,Field seismologist,Howard Group,"
        Seanfurt, AA
      "
79,Chief Strategy Officer,Kramer-Edwards,"
        Williambury, AA
      "
80,Air cabin crew,Berry-Houston,"
        South Jorgeside, AP
      "
81,Python Programmer (Entry-Level),Mathews Inc,"
        Robertborough, AP
      "
82,Warden/ranger,Riley-Johnson,"
        South Saratown, AP
      "
83,Sports therapist,Spencer and Sons,"
        Hullview, AA
      "
84,Arts development officer,Camacho-Sanchez,"
        Philipland, AP
      "
85,Printmaker,Oliver and Sons,"
        North Patty, AE
      "
86,Health and safety adviser,Eaton PLC,"
        North Stephen, AE
      "
87,Manufacturing systems engineer,Stanley-Frederick,"
        Stevensland, AP
      "
88,"Programmer, applications",Bradley LLC,"
        Reyesstad, AE
      "
89,Medical physicist,"Parker, Goodwin and Zavala","
        Bellberg, AP
      "
90,Media planner,Kim-Miles,"
        North Johnland, AE
      "
91,Software Developer (Python),Moreno-Rodriguez,"
        Martinezburgh, AE
      "
92,"Surveyor, land/geomatics",Brown-Ortiz,"
        Joshuatown, AE
      "
93,Legal executive,Hartman PLC,"
        West Ericstad, AA
      "
94,"Librarian, academic",Brooks Inc,"
        Tuckertown, AE
      "
95,Barrister,Washington-Castillo,"
        Perezton, AE
      "
96,Museum/gallery exhibitions officer,"Nguyen, Yoder and Petty","
        Lake Abigail, AE
      "
97,"Radiographer, diagnostic",Holder LLC,"
        Jacobshire, AP
      "
98,Database administrator,Yates-Ferguson,"
        Port Susan, AE
      "
99,Furniture designer,Ortega-Lawrence,"
        North Tiffany, AA
      "
100,Ship broker,"Fuentes, Walls and Castro","
        Michelleville, AP
      "
